1;1 ;6e M1               ;1 ;0         ;1         ;11201     
2;1 ;6e M2               ;1 ;0         ;1         ;11201     
3;1 ;6e M3               ;1 ;0         ;1         ;11201     
4;1 ;6e M4               ;1 ;0         ;1         ;11201     
5;1 ;6e M5               ;1 ;0         ;1         ;11201     
6;2 ;5e M1               ;1 ;0         ;1         ;11201     
7;2 ;5e M2               ;1 ;0         ;1         ;11201     
8;2 ;5e M3               ;1 ;0         ;1         ;11201     
9;2 ;5e M4               ;1 ;0         ;1         ;11201     
10;2 ;5e M5               ;1 ;0         ;1         ;11201     
11;3 ;4e A1               ;1 ;3         ;1         ;11201     
12;3 ;4e A 2              ;1 ;3         ;1         ;11201     
13;3 ;4e E1               ;1 ;6         ;1         ;11201     
14;3 ;4e E2               ;1 ;6         ;1         ;11201     
15;3 ;4e E3               ;1 ;6         ;1         ;11201     
16;4 ;3e A1               ;1 ;3         ;2         ;11201     
17;4 ;3e A2               ;1 ;3         ;2         ;11201     
18;4 ;3e E1               ;1 ;6         ;2         ;11201     
19;4 ;3e E2               ;1 ;6         ;2         ;11201     
20;4 ;3e E3               ;1 ;6         ;2         ;11201     
21;5 ;2nde C1             ;2 ;1         ;3         ;11201     
22;5 ;2nde C2             ;2 ;1         ;3         ;11201     
23;6 ;P C                 ;2 ;1         ;4         ;11201     
24;6 ;PD1                 ;2 ;2         ;4         ;11201     
25;7 ;Tle C               ;2 ;1         ;4         ;11201     
26;7 ;Tle D               ;2 ;2         ;4         ;11201     
27;5 ;2nde A4 ALL         ;2 ;3         ;3         ;11201     
28;5 ;2nde A4 ESP         ;2 ;6         ;3         ;11201     
29;6 ;P A4 ALL 1          ;2 ;3         ;4         ;11201     
30;6 ;P A4 ESP 1          ;2 ;6         ;4         ;11201     
31;7 ;Tle A4 ALL          ;2 ;3         ;4         ;11201     
32;7 ;Tle A4 ESP          ;2 ;6         ;4         ;11201     
33;5 ;2nde SES ALL        ;4 ;3         ;6         ;11201     
34;5 ;2nde G              ;4 ;8         ;6         ;11201     
35;6 ;P SES ALL 1         ;4 ;3         ;5         ;11201     
36;6 ;P CG                ;4 ;8         ;5         ;11201     
37;6 ;P ACC               ;4 ;9         ;5         ;11201     
38;7 ;Tle SES ALL         ;4 ;3         ;5         ;11201     
39;7 ;Tle CG              ;4 ;8         ;5         ;11201     
40;7 ;Tle ACC             ;4 ;9         ;5         ;11201     
41;5 ;2nde SES ESP        ;4 ;6         ;6         ;11201     
42;6 ;P SES ESP1          ;4 ;6         ;5         ;11201     
43;7 ;Tle SES ESP         ;4 ;7         ;5         ;11201     
44;6 ;PD2                 ;2 ;2         ;4         ;11201     
45;6 ;P SES ESP2          ;4 ;7         ;5         ;11201     
46;6 ;P SES ALL 2         ;4 ;7         ;5         ;11201     
47;6 ;P A4 ESP2           ;2 ;6         ;4         ;11201     
48;6 ;P A4 ALL 2          ;2 ;3         ;4         ;11201     
49;4 ;3e E MIXTE          ;1 ;6         ;2         ;11201     
